{"cameraMode":{"drawMode":0,"name":"Shaded","section":"Shading Mode"},"sceneLighting":true,"audioPlay":false,"sceneViewState":{"m_AlwaysRefresh":false,"showFog":true,"showSkybox":true,"showFlares":true,"showImageEffects":true,"showParticleSystems":true,"showVisualEffectGraphs":true,"m_FxEnabled":true},"in2DMode":false,"pivot":{"x":22.162925720214845,"y":32.61725997924805,"z":-17.65194320678711},"rotation":{"x":-0.005303313490003347,"y":0.9938521385192871,"z":0.05490676686167717,"w":0.09600543975830078},"size":23.42053985595703,"orthographic":false}