{"cameraMode":{"drawMode":0,"name":"Shaded","section":"Shading Mode"},"sceneLighting":true,"audioPlay":false,"sceneViewState":{"m_AlwaysRefresh":false,"showFog":true,"showSkybox":true,"showFlares":true,"showImageEffects":true,"showParticleSystems":true,"showVisualEffectGraphs":true,"m_FxEnabled":true},"in2DMode":false,"pivot":{"x":2.332157611846924,"y":1.1673239469528199,"z":0.600288450717926},"rotation":{"x":-0.3115706741809845,"y":0.011603493243455887,"z":-0.0034245806746184828,"w":-0.9503188729286194},"size":2.9660251140594484,"orthographic":false}