{"cameraMode":{"drawMode":0,"name":"Shaded","section":"Shading Mode"},"sceneLighting":true,"audioPlay":false,"sceneViewState":{"m_AlwaysRefresh":false,"showFog":true,"showSkybox":true,"showFlares":true,"showImageEffects":true,"showParticleSystems":true,"showVisualEffectGraphs":true,"m_FxEnabled":true},"in2DMode":false,"pivot":{"x":3.415113687515259,"y":1.6139171123504639,"z":-0.546375036239624},"rotation":{"x":0.09710820764303208,"y":0.36787641048431399,"z":-0.03867539018392563,"w":0.9239931702613831},"size":2.682451009750366,"orthographic":false}