{"cameraMode":{"drawMode":0,"name":"Shaded","section":"Shading Mode"},"sceneLighting":true,"audioPlay":false,"sceneViewState":{"m_AlwaysRefresh":false,"showFog":true,"showSkybox":true,"showFlares":true,"showImageEffects":true,"showParticleSystems":true,"showVisualEffectGraphs":true,"m_FxEnabled":true},"in2DMode":false,"pivot":{"x":2.6176295280456545,"y":1.413034200668335,"z":1.7058337926864625},"rotation":{"x":0.07653230428695679,"y":0.7288934588432312,"z":-0.0825582966208458,"w":0.6753592491149902},"size":3.5824506282806398,"orthographic":false}